checksum1,checksum2,dataset_type,join_chunk,join_count,join_schedule,join_threads,join_throughput,join_time,max_key,mpi_active_ranks,mpi_nodes,mpi_partition_strategy,mpi_processes,mpi_world_size,nr,ns,partition_block_size,partition_chunk,partition_schedule,partition_threads,partition_throughput,partition_time,time_sec,total_throughput,verified
12347604091913951299,2033051395823430535,skewed_90_1,4,173507209024,guided,4,80987112.887025,1.234764,1000000,1,1,block,1,1,50000000,50000000,32768,4,guided,4,246119678.884115,0.406306,8.216431,12170733.760102,false
12347604091913951299,2033051395823430535,skewed_90_1,4,173507209024,guided,4,80808347.372657,1.237496,1000000,1,1,cyclic,1,1,50000000,50000000,32768,4,guided,4,253303272.986767,0.394784,6.576266,15206197.830756,false
12347604091913951299,2033051395823430535,skewed_90_1,4,173507209024,guided,16,100968524.733745,0.990408,1000000,1,1,block,1,1,50000000,50000000,32768,4,guided,4,246728703.815413,0.405303,7.976376,12537022.433157,false
12347604091913951299,2033051395823430535,skewed_90_1,4,173507209024,guided,16,89797104.316841,1.113622,1000000,1,1,cyclic,1,1,50000000,50000000,32768,4,guided,4,251433848.647505,0.397719,6.453697,15494995.612681,false
12347604091913951299,2033051395823430535,skewed_90_1,4,173507209024,guided,4,81041257.584768,1.233939,1000000,1,1,block,1,1,50000000,50000000,32768,4,guided,16,305032689.355821,0.327834,7.753397,12897573.031239,false
12347604091913951299,2033051395823430535,skewed_90_1,4,173507209024,guided,4,80363744.367344,1.244342,1000000,1,1,cyclic,1,1,50000000,50000000,32768,4,guided,16,305599291.048646,0.327226,6.513858,15351884.362525,false
12347604091913951299,2033051395823430535,skewed_90_1,4,173507209024,guided,16,97049900.267103,1.030398,1000000,1,1,block,1,1,50000000,50000000,32768,4,guided,16,305541423.981221,0.327288,7.928284,12613070.243139,false
12347604091913951299,2033051395823430535,skewed_90_1,4,173507209024,guided,16,95479395.920333,1.047346,1000000,1,1,cyclic,1,1,50000000,50000000,32768,4,guided,16,305292903.440500,0.327554,6.321690,15818554.977484,false
12347604091913951299,2033051395823430535,skewed_90_1,4,173507209024,guided,4,78993228.096431,1.265931,1000000,4,1,block,4,4,50000000,50000000,32768,4,guided,4,290930104.788308,0.343725,3.671316,27238191.199497,false
12347604091913951299,2033051395823430535,skewed_90_1,4,173507209024,guided,4,172712037.307564,0.578998,1000000,4,1,cyclic,4,4,50000000,50000000,32768,4,guided,4,650569845.964972,0.153711,2.127812,46996638.879839,false
12347604091913951299,2033051395823430535,skewed_90_1,4,173507209024,guided,16,89164167.969402,1.121527,1000000,4,1,block,4,4,50000000,50000000,32768,4,guided,4,252920827.091863,0.395381,3.589697,27857505.393485,false
12347604091913951299,2033051395823430535,skewed_90_1,4,173507209024,guided,16,52864042.568729,1.891645,1000000,4,1,cyclic,4,4,50000000,50000000,32768,4,guided,4,623823817.496421,0.160302,3.444425,29032418.331576,false
12347604091913951299,2033051395823430535,skewed_90_1,4,173507209024,guided,4,78564546.071413,1.272839,1000000,4,1,block,4,4,50000000,50000000,32768,4,guided,16,279126335.171185,0.358261,3.697344,27046444.047416,false
12347604091913951299,2033051395823430535,skewed_90_1,4,173507209024,guided,4,167082202.399302,0.598508,1000000,4,1,cyclic,4,4,50000000,50000000,32768,4,guided,16,596523474.164945,0.167638,2.154541,46413595.647184,false
12347604091913951299,2033051395823430535,skewed_90_1,4,173507209024,guided,16,84805975.183148,1.179162,1000000,4,1,block,4,4,50000000,50000000,32768,4,guided,16,310346213.108030,0.322221,3.568749,28021026.455675,false
12347604091913951299,2033051395823430535,skewed_90_1,4,173507209024,guided,16,52143807.308253,1.917773,1000000,4,1,cyclic,4,4,50000000,50000000,32768,4,guided,16,471496813.258861,0.212091,3.531349,28317789.157880,false
12347604091913951299,2033051395823430535,skewed_90_1,4,173507209024,guided,4,78166044.465311,1.279328,1000000,8,1,block,8,8,50000000,50000000,32768,4,guided,4,283082698.330395,0.353254,2.860877,34954320.828120,false
12347604091913951299,2033051395823430535,skewed_90_1,4,173507209024,guided,4,168731865.723845,0.592656,1000000,8,1,cyclic,8,8,50000000,50000000,32768,4,guided,4,586062309.844188,0.170630,1.532631,65247276.976297,false
12347604091913951299,2033051395823430535,skewed_90_1,4,173507209024,guided,16,91674844.082336,1.090812,1000000,8,1,block,8,8,50000000,50000000,32768,4,guided,4,283428335.979424,0.352823,2.671374,37433918.772742,false
12347604091913951299,2033051395823430535,skewed_90_1,4,173507209024,guided,16,51810850.368565,1.930098,1000000,8,1,cyclic,8,8,50000000,50000000,32768,4,guided,4,490991443.994540,0.203670,2.907562,34393071.186096,false
12347604091913951299,2033051395823430535,skewed_90_1,4,173507209024,guided,4,78003388.177699,1.281996,1000000,8,1,block,8,8,50000000,50000000,32768,4,guided,16,273512928.116521,0.365613,2.887145,34636292.214488,false
12347604091913951299,2033051395823430535,skewed_90_1,4,173507209024,guided,4,142114892.708560,0.703656,1000000,8,1,cyclic,8,8,50000000,50000000,32768,4,guided,16,428953489.174797,0.233126,1.705189,58644518.546896,false
12347604091913951299,2033051395823430535,skewed_90_1,4,173507209024,guided,16,90629014.020192,1.103399,1000000,8,1,block,8,8,50000000,50000000,32768,4,guided,16,286016266.699362,0.349630,2.687155,37214079.356516,false
12347604091913951299,2033051395823430535,skewed_90_1,4,173507209024,guided,16,51399605.717144,1.945540,1000000,8,1,cyclic,8,8,50000000,50000000,32768,4,guided,16,409173344.883789,0.244395,2.970471,33664699.629534,false
12347604091913951299,2033051395823430535,skewed_90_1,4,173507209024,guided,4,81240957.935481,1.230906,1000000,4,4,block,4,4,50000000,50000000,32768,4,guided,4,285801899.773697,0.349893,3.855168,25939208.304645,false
12347604091913951299,2033051395823430535,skewed_90_1,4,173507209024,guided,4,181461637.255940,0.551081,1000000,4,4,cyclic,4,4,50000000,50000000,32768,4,guided,4,749316788.162403,0.133455,2.100824,47600370.006755,false
12347604091913951299,2033051395823430535,skewed_90_1,4,173507209024,guided,16,80711339.076429,1.238983,1000000,4,4,block,4,4,50000000,50000000,32768,4,guided,4,294025401.074512,0.340107,3.851292,25965309.963736,false
12347604091913951299,2033051395823430535,skewed_90_1,4,173507209024,guided,16,174171074.654500,0.574148,1000000,4,4,cyclic,4,4,50000000,50000000,32768,4,guided,4,754748576.099297,0.132494,2.118627,47200376.083152,false
12347604091913951299,2033051395823430535,skewed_90_1,4,173507209024,guided,4,80392508.722895,1.243897,1000000,4,4,block,4,4,50000000,50000000,32768,4,guided,16,332827003.851108,0.300456,3.815960,26205724.088328,false
12347604091913951299,2033051395823430535,skewed_90_1,4,173507209024,guided,4,179284512.714325,0.557773,1000000,4,4,cyclic,4,4,50000000,50000000,32768,4,guided,16,915285416.082755,0.109256,2.063549,48460205.338955,false
12347604091913951299,2033051395823430535,skewed_90_1,4,173507209024,guided,16,90821591.047644,1.101060,1000000,4,4,block,4,4,50000000,50000000,32768,4,guided,16,348439920.296718,0.286994,3.694228,27069252.901597,false
12347604091913951299,2033051395823430535,skewed_90_1,4,173507209024,guided,16,177431197.218299,0.563599,1000000,4,4,cyclic,4,4,50000000,50000000,32768,4,guided,16,907173547.934224,0.110232,2.095652,47717843.504557,false
12347604091913951299,2033051395823430535,skewed_90_1,4,173507209024,guided,4,79281687.014324,1.261325,1000000,8,4,block,8,8,50000000,50000000,32768,4,guided,4,302502228.461790,0.330576,3.057050,32711273.213679,false
12347604091913951299,2033051395823430535,skewed_90_1,4,173507209024,guided,4,177302215.004107,0.564009,1000000,8,4,cyclic,8,8,50000000,50000000,32768,4,guided,4,832178149.404609,0.120167,1.652443,60516463.146293,false
12347604091913951299,2033051395823430535,skewed_90_1,4,173507209024,guided,16,52299703.289822,1.912057,1000000,8,4,block,8,8,50000000,50000000,32768,4,guided,4,303743100.771229,0.329226,3.709470,26958030.532738,false
12347604091913951299,2033051395823430535,skewed_90_1,4,173507209024,guided,16,73782206.527110,1.355340,1000000,8,4,cyclic,8,8,50000000,50000000,32768,4,guided,4,833746650.157102,0.119941,2.447905,40851265.172194,false
12347604091913951299,2033051395823430535,skewed_90_1,4,173507209024,guided,4,78316834.782105,1.276865,1000000,8,4,block,8,8,50000000,50000000,32768,4,guided,16,355837614.618530,0.281027,3.023145,33078131.915750,false
12347604091913951299,2033051395823430535,skewed_90_1,4,173507209024,guided,4,176473857.605473,0.566656,1000000,8,4,cyclic,8,8,50000000,50000000,32768,4,guided,16,994213824.998738,0.100582,1.633249,61227640.259619,false
12347604091913951299,2033051395823430535,skewed_90_1,4,173507209024,guided,16,51567505.027667,1.939206,1000000,8,4,block,8,8,50000000,50000000,32768,4,guided,16,354669097.405774,0.281953,3.694285,27068837.886530,false
12347604091913951299,2033051395823430535,skewed_90_1,4,173507209024,guided,16,74236926.460014,1.347039,1000000,8,4,cyclic,8,8,50000000,50000000,32768,4,guided,16,992418304.519787,0.100764,2.414656,41413774.485724,false
12347604091913951299,2033051395823430535,skewed_90_1,4,173507209024,guided,4,82484633.343407,1.212347,1000000,8,8,block,8,8,50000000,50000000,32768,4,guided,4,292365234.706253,0.342038,3.109374,32160816.773973,false
12347604091913951299,2033051395823430535,skewed_90_1,4,173507209024,guided,4,183338153.633881,0.545440,1000000,8,8,cyclic,8,8,50000000,50000000,32768,4,guided,4,801152743.531994,0.124820,1.521217,65736838.560047,false
12347604091913951299,2033051395823430535,skewed_90_1,4,173507209024,guided,16,94869121.477485,1.054084,1000000,8,8,block,8,8,50000000,50000000,32768,4,guided,4,296233033.711788,0.337572,2.940685,34005676.746155,false
12347604091913951299,2033051395823430535,skewed_90_1,4,173507209024,guided,16,180065921.046706,0.555352,1000000,8,8,cyclic,8,8,50000000,50000000,32768,4,guided,4,800938107.626672,0.124854,1.538543,64996555.564921,false
12347604091913951299,2033051395823430535,skewed_90_1,4,173507209024,guided,4,80308672.703527,1.245196,1000000,8,8,block,8,8,50000000,50000000,32768,4,guided,16,333169020.619781,0.300148,3.098803,32270523.681288,false
12347604091913951299,2033051395823430535,skewed_90_1,4,173507209024,guided,4,182117977.838573,0.549095,1000000,8,8,cyclic,8,8,50000000,50000000,32768,4,guided,16,943360829.395627,0.106004,1.512286,66125054.773824,false
12347604091913951299,2033051395823430535,skewed_90_1,4,173507209024,guided,16,90844604.989082,1.100781,1000000,8,8,block,8,8,50000000,50000000,32768,4,guided,16,332769397.589674,0.300508,2.953042,33863383.991235,false
12347604091913951299,2033051395823430535,skewed_90_1,4,173507209024,guided,16,178109256.100073,0.561453,1000000,8,8,cyclic,8,8,50000000,50000000,32768,4,guided,16,947903333.975544,0.105496,1.520875,65751619.401081,false
12347604091913951299,2033051395823430535,skewed_90_1,4,173507209024,guided,4,81361427.037149,1.229084,1000000,1,1,block,1,1,50000000,50000000,32768,4,guided,4,251795764.551704,0.397147,8.204074,12189065.530941,false
12347604091913951299,2033051395823430535,skewed_90_1,4,173507209024,guided,4,80922081.671201,1.235757,1000000,1,1,cyclic,1,1,50000000,50000000,32768,4,guided,4,253500437.183277,0.394477,6.581195,15194809.248464,false
12347604091913951299,2033051395823430535,skewed_90_1,4,173507209024,guided,16,99370217.812921,1.006338,1000000,1,1,block,1,1,50000000,50000000,32768,4,guided,4,247091344.876228,0.404709,7.987520,12519531.054399,false
12347604091913951299,2033051395823430535,skewed_90_1,4,173507209024,guided,16,99164648.190093,1.008424,1000000,1,1,cyclic,1,1,50000000,50000000,32768,4,guided,4,253404616.718699,0.394626,6.346945,15755611.597599,false
12347604091913951299,2033051395823430535,skewed_90_1,4,173507209024,guided,4,80542486.291126,1.241581,1000000,1,1,block,1,1,50000000,50000000,32768,4,guided,16,305079850.752011,0.327783,8.145241,12277107.948252,false
12347604091913951299,2033051395823430535,skewed_90_1,4,173507209024,guided,4,80985867.512692,1.234783,1000000,1,1,cyclic,1,1,50000000,50000000,32768,4,guided,16,306584291.206556,0.326175,6.506323,15369665.316380,false
12347604091913951299,2033051395823430535,skewed_90_1,4,173507209024,guided,16,97741291.026722,1.023109,1000000,1,1,block,1,1,50000000,50000000,32768,4,guided,16,306241886.631633,0.326539,7.931288,12608292.459230,false
12347604091913951299,2033051395823430535,skewed_90_1,4,173507209024,guided,16,92655548.981547,1.079266,1000000,1,1,cyclic,1,1,50000000,50000000,32768,4,guided,16,306586724.800806,0.326172,6.348708,15751236.055664,false
12347604091913951299,2033051395823430535,skewed_90_1,4,173507209024,guided,4,78741321.606282,1.269981,1000000,4,1,block,4,4,50000000,50000000,32768,4,guided,4,252681564.011271,0.395755,3.739541,26741251.754837,false
12347604091913951299,2033051395823430535,skewed_90_1,4,173507209024,guided,4,170812270.382813,0.585438,1000000,4,1,cyclic,4,4,50000000,50000000,32768,4,guided,4,636498646.184487,0.157110,2.142014,46685035.822111,false
12347604091913951299,2033051395823430535,skewed_90_1,4,173507209024,guided,16,85732419.823245,1.166420,1000000,4,1,block,4,4,50000000,50000000,32768,4,guided,4,288943560.371928,0.346088,3.621064,27616189.130189,false
12347604091913951299,2033051395823430535,skewed_90_1,4,173507209024,guided,16,52974224.373055,1.887711,1000000,4,1,cyclic,4,4,50000000,50000000,32768,4,guided,4,653503688.947623,0.153021,3.440268,29067501.443478,false
12347604091913951299,2033051395823430535,skewed_90_1,4,173507209024,guided,4,78123622.976534,1.280023,1000000,4,1,block,4,4,50000000,50000000,32768,4,guided,16,302092503.159089,0.331024,3.611151,27692004.183845,false
12347604091913951299,2033051395823430535,skewed_90_1,4,173507209024,guided,4,167293579.075998,0.597752,1000000,4,1,cyclic,4,4,50000000,50000000,32768,4,guided,16,583213664.672842,0.171464,2.164457,46200956.458257,false
12347604091913951299,2033051395823430535,skewed_90_1,4,173507209024,guided,16,93086865.167930,1.074265,1000000,4,1,block,4,4,50000000,50000000,32768,4,guided,16,309193294.427964,0.323422,3.467729,28837316.141098,false
12347604091913951299,2033051395823430535,skewed_90_1,4,173507209024,guided,16,52966182.786956,1.887997,1000000,4,1,cyclic,4,4,50000000,50000000,32768,4,guided,16,466569579.478711,0.214330,3.478738,28746057.508764,false
12347604091913951299,2033051395823430535,skewed_90_1,4,173507209024,guided,4,78260323.671041,1.277787,1000000,8,1,block,8,8,50000000,50000000,32768,4,guided,4,261833093.656993,0.381923,2.889392,34609361.862444,false
12347604091913951299,2033051395823430535,skewed_90_1,4,173507209024,guided,4,114934270.455406,0.870063,1000000,8,1,cyclic,8,8,50000000,50000000,32768,4,guided,4,612881939.802805,0.163164,1.805746,55378781.505774,false
12347604091913951299,2033051395823430535,skewed_90_1,4,173507209024,guided,16,85106583.406222,1.174997,1000000,8,1,block,8,8,50000000,50000000,32768,4,guided,4,277311905.037143,0.360605,2.780328,35966982.833463,false
12347604091913951299,2033051395823430535,skewed_90_1,4,173507209024,guided,16,47915517.094561,2.087007,1000000,8,1,cyclic,8,8,50000000,50000000,32768,4,guided,4,596130769.551584,0.167748,3.023587,33073300.557948,false
12347604091913951299,2033051395823430535,skewed_90_1,4,173507209024,guided,4,77655970.341906,1.287731,1000000,8,1,block,8,8,50000000,50000000,32768,4,guided,16,271905932.811559,0.367774,2.889541,34607577.260055,false
12347604091913951299,2033051395823430535,skewed_90_1,4,173507209024,guided,4,161503433.501150,0.619182,1000000,8,1,cyclic,8,8,50000000,50000000,32768,4,guided,16,412672107.582137,0.242323,1.644904,60793814.011023,false
12347604091913951299,2033051395823430535,skewed_90_1,4,173507209024,guided,16,92359965.081397,1.082720,1000000,8,1,block,8,8,50000000,50000000,32768,4,guided,16,281659767.980570,0.355038,2.667699,37485493.378894,false
12347604091913951299,2033051395823430535,skewed_90_1,4,173507209024,guided,16,48430840.020943,2.064800,1000000,8,1,cyclic,8,8,50000000,50000000,32768,4,guided,16,369328704.823180,0.270762,3.098803,32270525.931380,false
12347604091913951299,2033051395823430535,skewed_90_1,4,173507209024,guided,4,81462062.042470,1.227565,1000000,4,4,block,4,4,50000000,50000000,32768,4,guided,4,288582344.690398,0.346522,3.850760,25968896.368435,false
12347604091913951299,2033051395823430535,skewed_90_1,4,173507209024,guided,4,181945471.122710,0.549615,1000000,4,4,cyclic,4,4,50000000,50000000,32768,4,guided,4,768206451.967396,0.130173,2.105611,47492157.221446,false
12347604091913951299,2033051395823430535,skewed_90_1,4,173507209024,guided,16,92418868.337140,1.082030,1000000,4,4,block,4,4,50000000,50000000,32768,4,guided,4,286303499.965950,0.349280,3.704636,26993201.822415,false
12347604091913951299,2033051395823430535,skewed_90_1,4,173507209024,guided,16,180173064.379696,0.555022,1000000,4,4,cyclic,4,4,50000000,50000000,32768,4,guided,4,761182635.373224,0.131375,2.099409,47632443.982719,false
12347604091913951299,2033051395823430535,skewed_90_1,4,173507209024,guided,4,80820290.335760,1.237313,1000000,4,4,block,4,4,50000000,50000000,32768,4,guided,16,332135509.473922,0.301082,3.812069,26232474.995036,false
12347604091913951299,2033051395823430535,skewed_90_1,4,173507209024,guided,4,178788680.457526,0.559320,1000000,4,4,cyclic,4,4,50000000,50000000,32768,4,guided,16,887569182.153183,0.112667,2.071066,48284325.136853,false
12347604091913951299,2033051395823430535,skewed_90_1,4,173507209024,guided,16,92176967.595989,1.084870,1000000,4,4,block,4,4,50000000,50000000,32768,4,guided,16,328060461.231926,0.304822,3.660006,27322360.736957,false
12347604091913951299,2033051395823430535,skewed_90_1,4,173507209024,guided,16,181083518.935164,0.552231,1000000,4,4,cyclic,4,4,50000000,50000000,32768,4,guided,16,908982585.631933,0.110013,2.074857,48196101.629926,false
12347604091913951299,2033051395823430535,skewed_90_1,4,173507209024,guided,4,78729618.903978,1.270170,1000000,8,4,block,8,8,50000000,50000000,32768,4,guided,4,304254401.789269,0.328672,3.063459,32642837.669533,false
12347604091913951299,2033051395823430535,skewed_90_1,4,173507209024,guided,4,177372510.309456,0.563785,1000000,8,4,cyclic,8,8,50000000,50000000,32768,4,guided,4,833135492.892840,0.120028,1.656955,60351670.804058,false
12347604091913951299,2033051395823430535,skewed_90_1,4,173507209024,guided,16,52190743.645392,1.916049,1000000,8,4,block,8,8,50000000,50000000,32768,4,guided,4,304119641.269154,0.328818,3.715557,26913868.362194,false
12347604091913951299,2033051395823430535,skewed_90_1,4,173507209024,guided,16,74557775.113001,1.341242,1000000,8,4,cyclic,8,8,50000000,50000000,32768,4,guided,4,834878196.194659,0.119778,2.531420,39503519.532674,false
12347604091913951299,2033051395823430535,skewed_90_1,4,173507209024,guided,4,77891516.289303,1.283837,1000000,8,4,block,8,8,50000000,50000000,32768,4,guided,16,355878883.525780,0.280994,3.035366,32944957.452654,false
12347604091913951299,2033051395823430535,skewed_90_1,4,173507209024,guided,4,175922663.601770,0.568432,1000000,8,4,cyclic,8,8,50000000,50000000,32768,4,guided,16,989298873.229066,0.101082,1.642384,60887093.516370,false
12347604091913951299,2033051395823430535,skewed_90_1,4,173507209024,guided,16,51675064.183204,1.935169,1000000,8,4,block,8,8,50000000,50000000,32768,4,guided,16,353217230.655559,0.283112,3.686960,27122616.548358,false
12347604091913951299,2033051395823430535,skewed_90_1,4,173507209024,guided,16,73958082.651694,1.352117,1000000,8,4,cyclic,8,8,50000000,50000000,32768,4,guided,16,988431379.169749,0.101170,2.418818,41342505.865540,false
12347604091913951299,2033051395823430535,skewed_90_1,4,173507209024,guided,4,82635058.297752,1.210140,1000000,8,8,block,8,8,50000000,50000000,32768,4,guided,4,294795206.112164,0.339219,3.107822,32176870.317671,false
12347604091913951299,2033051395823430535,skewed_90_1,4,173507209024,guided,4,182684019.392491,0.547393,1000000,8,8,cyclic,8,8,50000000,50000000,32768,4,guided,4,803581079.422480,0.124443,1.521116,65741204.686188,false
12347604091913951299,2033051395823430535,skewed_90_1,4,173507209024,guided,16,94918166.683910,1.053539,1000000,8,8,block,8,8,50000000,50000000,32768,4,guided,4,295410740.019512,0.338512,2.956130,33828013.905928,false
12347604091913951299,2033051395823430535,skewed_90_1,4,173507209024,guided,16,180206756.180045,0.554918,1000000,8,8,cyclic,8,8,50000000,50000000,32768,4,guided,4,800474185.508053,0.124926,1.528821,65409874.399779,false
12347604091913951299,2033051395823430535,skewed_90_1,4,173507209024,guided,4,81209637.973171,1.231381,1000000,8,8,block,8,8,50000000,50000000,32768,4,guided,16,337656105.699068,0.296159,3.082285,32443457.975057,false
12347604091913951299,2033051395823430535,skewed_90_1,4,173507209024,guided,4,183874775.075984,0.543848,1000000,8,8,cyclic,8,8,50000000,50000000,32768,4,guided,16,942737577.297607,0.106074,1.513340,66078989.577544,false
12347604091913951299,2033051395823430535,skewed_90_1,4,173507209024,guided,16,94469236.860652,1.058546,1000000,8,8,block,8,8,50000000,50000000,32768,4,guided,16,338115949.610197,0.295757,2.914095,34315975.166436,false
12347604091913951299,2033051395823430535,skewed_90_1,4,173507209024,guided,16,173418838.890571,0.576639,1000000,8,8,cyclic,8,8,50000000,50000000,32768,4,guided,16,937486094.978127,0.106668,1.545552,64701794.830790,false
12347604091913951299,2033051395823430535,skewed_90_1,4,173507209024,guided,4,81123360.823056,1.232691,1000000,1,1,block,1,1,50000000,50000000,32768,4,guided,4,251500430.553277,0.397614,8.210398,12179677.089806,false
12347604091913951299,2033051395823430535,skewed_90_1,4,173507209024,guided,4,80822762.430885,1.237275,1000000,1,1,cyclic,1,1,50000000,50000000,32768,4,guided,4,253541212.941520,0.394413,6.579420,15198906.965160,false
12347604091913951299,2033051395823430535,skewed_90_1,4,173507209024,guided,16,97379765.224745,1.026907,1000000,1,1,block,1,1,50000000,50000000,32768,4,guided,4,251856417.944768,0.397052,8.002998,12495317.458316,false
12347604091913951299,2033051395823430535,skewed_90_1,4,173507209024,guided,16,89647957.026603,1.115474,1000000,1,1,cyclic,1,1,50000000,50000000,32768,4,guided,4,252269821.670391,0.396401,6.449287,15505590.935698,false
12347604091913951299,2033051395823430535,skewed_90_1,4,173507209024,guided,4,81114626.174678,1.232823,1000000,1,1,block,1,1,50000000,50000000,32768,4,guided,16,306345419.871285,0.326429,8.137738,12288427.719262,false
12347604091913951299,2033051395823430535,skewed_90_1,4,173507209024,guided,4,80613209.636149,1.240491,1000000,1,1,cyclic,1,1,50000000,50000000,32768,4,guided,16,305724338.694499,0.327092,6.512729,15354546.308159,false
12347604091913951299,2033051395823430535,skewed_90_1,4,173507209024,guided,16,99528647.644956,1.004736,1000000,1,1,block,1,1,50000000,50000000,32768,4,guided,16,308269618.338894,0.324391,7.905555,12649332.542316,false
12347604091913951299,2033051395823430535,skewed_90_1,4,173507209024,guided,16,95449436.849457,1.047675,1000000,1,1,cyclic,1,1,50000000,50000000,32768,4,guided,16,305695263.854759,0.327123,6.319304,15824526.334372,false
12347604091913951299,2033051395823430535,skewed_90_1,4,173507209024,guided,4,78286577.270810,1.277358,1000000,4,1,block,4,4,50000000,50000000,32768,4,guided,4,262602790.668517,0.380803,3.722530,26863452.896086,false
12347604091913951299,2033051395823430535,skewed_90_1,4,173507209024,guided,4,173068250.746357,0.577807,1000000,4,1,cyclic,4,4,50000000,50000000,32768,4,guided,4,671937431.363298,0.148823,2.173971,45998777.985553,false
12347604091913951299,2033051395823430535,skewed_90_1,4,173507209024,guided,16,79681357.749626,1.254999,1000000,4,1,block,4,4,50000000,50000000,32768,4,guided,4,288513379.018759,0.346604,3.666566,27273479.217136,false
12347604091913951299,2033051395823430535,skewed_90_1,4,173507209024,guided,16,54192350.436135,1.845279,1000000,4,1,cyclic,4,4,50000000,50000000,32768,4,guided,4,507269379.812624,0.197134,3.434904,29112896.335130,false
12347604091913951299,2033051395823430535,skewed_90_1,4,173507209024,guided,4,78707604.418888,1.270525,1000000,4,1,block,4,4,50000000,50000000,32768,4,guided,16,299688123.254867,0.333680,3.689740,27102180.297263,false
12347604091913951299,2033051395823430535,skewed_90_1,4,173507209024,guided,4,166049835.068847,0.602229,1000000,4,1,cyclic,4,4,50000000,50000000,32768,4,guided,16,589884958.619454,0.169525,2.151167,46486395.167866,false
12347604091913951299,2033051395823430535,skewed_90_1,4,173507209024,guided,16,90931264.749121,1.099732,1000000,4,1,block,4,4,50000000,50000000,32768,4,guided,16,291036914.186274,0.343599,3.510974,28482125.528624,false
12347604091913951299,2033051395823430535,skewed_90_1,4,173507209024,guided,16,51832081.241254,1.929307,1000000,4,1,cyclic,4,4,50000000,50000000,32768,4,guided,16,454745479.166599,0.219903,3.533822,28297969.459925,false
12347604091913951299,2033051395823430535,skewed_90_1,4,173507209024,guided,4,78204806.992679,1.278694,1000000,8,1,block,8,8,50000000,50000000,32768,4,guided,4,263940532.888477,0.378873,2.911711,34344067.889674,false
12347604091913951299,2033051395823430535,skewed_90_1,4,173507209024,guided,4,111071401.479627,0.900322,1000000,8,1,cyclic,8,8,50000000,50000000,32768,4,guided,4,565957899.432487,0.176692,1.855047,53906977.004504,false
12347604091913951299,2033051395823430535,skewed_90_1,4,173507209024,guided,16,93010429.915178,1.075148,1000000,8,1,block,8,8,50000000,50000000,32768,4,guided,4,258345869.168354,0.387078,2.693301,37129160.252509,false
12347604091913951299,2033051395823430535,skewed_90_1,4,173507209024,guided,16,50573260.074768,1.977330,1000000,8,1,cyclic,8,8,50000000,50000000,32768,4,guided,4,554107249.145546,0.180470,2.950330,33894519.011726,false
12347604091913951299,2033051395823430535,skewed_90_1,4,173507209024,guided,4,77836516.932855,1.284744,1000000,8,1,block,8,8,50000000,50000000,32768,4,guided,16,266200632.478181,0.375657,2.893524,34559936.593622,false
12347604091913951299,2033051395823430535,skewed_90_1,4,173507209024,guided,4,113968812.690223,0.877433,1000000,8,1,cyclic,8,8,50000000,50000000,32768,4,guided,16,420097021.769372,0.238040,1.889170,52933307.352375,false
12347604091913951299,2033051395823430535,skewed_90_1,4,173507209024,guided,16,93325748.801707,1.071516,1000000,8,1,block,8,8,50000000,50000000,32768,4,guided,16,252817717.355669,0.395542,2.702664,37000529.707580,false
12347604091913951299,2033051395823430535,skewed_90_1,4,173507209024,guided,16,45627903.502490,2.191641,1000000,8,1,cyclic,8,8,50000000,50000000,32768,4,guided,16,431629178.015334,0.231680,3.209549,31157027.780294,false
12347604091913951299,2033051395823430535,skewed_90_1,4,173507209024,guided,4,81415912.068550,1.228261,1000000,4,4,block,4,4,50000000,50000000,32768,4,guided,4,287655312.547974,0.347638,3.848242,25985890.232038,false
12347604091913951299,2033051395823430535,skewed_90_1,4,173507209024,guided,4,182787380.141295,0.547084,1000000,4,4,cyclic,4,4,50000000,50000000,32768,4,guided,4,763659176.246896,0.130948,2.077865,48126330.061656,false
12347604091913951299,2033051395823430535,skewed_90_1,4,173507209024,guided,16,94694155.453564,1.056031,1000000,4,4,block,4,4,50000000,50000000,32768,4,guided,4,285213711.603979,0.350614,3.678385,27185840.974112,false
12347604091913951299,2033051395823430535,skewed_90_1,4,173507209024,guided,16,176173593.492661,0.567622,1000000,4,4,cyclic,4,4,50000000,50000000,32768,4,guided,4,761147627.257055,0.131381,2.125700,47043328.290712,false
12347604091913951299,2033051395823430535,skewed_90_1,4,173507209024,guided,4,80737648.291695,1.238580,1000000,4,4,block,4,4,50000000,50000000,32768,4,guided,16,331729230.663219,0.301451,3.813788,26220648.426611,false
12347604091913951299,2033051395823430535,skewed_90_1,4,173507209024,guided,4,169405541.764073,0.590299,1000000,4,4,cyclic,4,4,50000000,50000000,32768,4,guided,16,906287912.664832,0.110340,2.108425,47428765.934530,false
12347604091913951299,2033051395823430535,skewed_90_1,4,173507209024,guided,16,91409063.648803,1.093983,1000000,4,4,block,4,4,50000000,50000000,32768,4,guided,16,325141877.097972,0.307558,3.728082,26823447.032550,false
12347604091913951299,2033051395823430535,skewed_90_1,4,173507209024,guided,16,176549653.756815,0.566413,1000000,4,4,cyclic,4,4,50000000,50000000,32768,4,guided,16,907766427.649700,0.110160,2.102873,47553978.758477,false
12347604091913951299,2033051395823430535,skewed_90_1,4,173507209024,guided,4,78967939.456418,1.266337,1000000,8,4,block,8,8,50000000,50000000,32768,4,guided,4,304240425.543948,0.328687,3.059646,32683520.798832,false
12347604091913951299,2033051395823430535,skewed_90_1,4,173507209024,guided,4,177311778.600607,0.563978,1000000,8,4,cyclic,8,8,50000000,50000000,32768,4,guided,4,833394616.795601,0.119991,1.654832,60429078.256024,false
12347604091913951299,2033051395823430535,skewed_90_1,4,173507209024,guided,16,51987003.377750,1.923558,1000000,8,4,block,8,8,50000000,50000000,32768,4,guided,4,303467131.095453,0.329525,3.721099,26873783.847216,false
12347604091913951299,2033051395823430535,skewed_90_1,4,173507209024,guided,16,73460585.600954,1.361274,1000000,8,4,cyclic,8,8,50000000,50000000,32768,4,guided,4,835434162.353835,0.119698,2.449584,40823250.023421,false
12347604091913951299,2033051395823430535,skewed_90_1,4,173507209024,guided,4,78389224.271997,1.275686,1000000,8,4,block,8,8,50000000,50000000,32768,4,guided,16,354570694.257182,0.282031,3.028727,33017171.752482,false
12347604091913951299,2033051395823430535,skewed_90_1,4,173507209024,guided,4,176049652.666270,0.568022,1000000,8,4,cyclic,8,8,50000000,50000000,32768,4,guided,16,995370344.551401,0.100465,1.634693,61173573.573404,false
12347604091913951299,2033051395823430535,skewed_90_1,4,173507209024,guided,16,51809691.690310,1.930141,1000000,8,4,block,8,8,50000000,50000000,32768,4,guided,16,355257406.969031,0.281486,3.679725,27175946.147102,false
12347604091913951299,2033051395823430535,skewed_90_1,4,173507209024,guided,16,74129187.329232,1.348996,1000000,8,4,cyclic,8,8,50000000,50000000,32768,4,guided,16,993883668.767962,0.100615,2.486148,40222865.418032,false
12347604091913951299,2033051395823430535,skewed_90_1,4,173507209024,guided,4,79490284.882884,1.258015,1000000,8,8,block,8,8,50000000,50000000,32768,4,guided,4,292936865.318632,0.341370,3.149301,31753073.511253,false
12347604091913951299,2033051395823430535,skewed_90_1,4,173507209024,guided,4,181998367.221103,0.549455,1000000,8,8,cyclic,8,8,50000000,50000000,32768,4,guided,4,803250472.513117,0.124494,1.533353,65216546.079327,false
12347604091913951299,2033051395823430535,skewed_90_1,4,173507209024,guided,16,95080806.168538,1.051737,1000000,8,8,block,8,8,50000000,50000000,32768,4,guided,4,288667251.689080,0.346420,2.948704,33913201.668064,false
12347604091913951299,2033051395823430535,skewed_90_1,4,173507209024,guided,16,179133127.796100,0.558244,1000000,8,8,cyclic,8,8,50000000,50000000,32768,4,guided,4,798691604.134558,0.125205,1.539772,64944687.342348,false
12347604091913951299,2033051395823430535,skewed_90_1,4,173507209024,guided,4,80061555.267013,1.249039,1000000,8,8,block,8,8,50000000,50000000,32768,4,guided,16,335281832.044715,0.298257,3.099046,32267990.859210,false
12347604091913951299,2033051395823430535,skewed_90_1,4,173507209024,guided,4,171454927.179955,0.583244,1000000,8,8,cyclic,8,8,50000000,50000000,32768,4,guided,16,944679984.590096,0.105856,1.550017,64515428.452701,false
12347604091913951299,2033051395823430535,skewed_90_1,4,173507209024,guided,16,91724357.761872,1.090223,1000000,8,8,block,8,8,50000000,50000000,32768,4,guided,16,331881813.357557,0.301312,2.942454,33985237.537258,false
12347604091913951299,2033051395823430535,skewed_90_1,4,173507209024,guided,16,177503056.150628,0.563371,1000000,8,8,cyclic,8,8,50000000,50000000,32768,4,guided,16,948405151.519862,0.105440,1.522792,65668854.216470,false
12347604091913951299,2033051395823430535,skewed_90_1,4,173507209024,guided,4,81091877.658778,1.233169,1000000,1,1,block,1,1,50000000,50000000,32768,4,guided,4,251891771.222586,0.396996,8.204893,12187849.000933,false
12347604091913951299,2033051395823430535,skewed_90_1,4,173507209024,guided,4,81009197.581594,1.234428,1000000,1,1,cyclic,1,1,50000000,50000000,32768,4,guided,4,250194283.661014,0.399689,6.578200,15201727.946308,false
12347604091913951299,2033051395823430535,skewed_90_1,4,173507209024,guided,16,98424593.916695,1.016006,1000000,1,1,block,1,1,50000000,50000000,32768,4,guided,4,251554421.132076,0.397528,7.992397,12511890.803109,false
12347604091913951299,2033051395823430535,skewed_90_1,4,173507209024,guided,16,97057721.863041,1.030315,1000000,1,1,cyclic,1,1,50000000,50000000,32768,4,guided,4,252798182.052334,0.395572,6.367448,15704878.724004,false
12347604091913951299,2033051395823430535,skewed_90_1,4,173507209024,guided,4,81264585.789220,1.230548,1000000,1,1,block,1,1,50000000,50000000,32768,4,guided,16,305917645.334225,0.326885,8.129940,12300213.756031,false
12347604091913951299,2033051395823430535,skewed_90_1,4,173507209024,guided,4,80972692.151882,1.234984,1000000,1,1,cyclic,1,1,50000000,50000000,32768,4,guided,16,306039286.605832,0.326755,6.506607,15368992.822496,false
12347604091913951299,2033051395823430535,skewed_90_1,4,173507209024,guided,16,97540710.127867,1.025213,1000000,1,1,block,1,1,50000000,50000000,32768,4,guided,16,305475214.717354,0.327359,7.927794,12613848.920984,false
12347604091913951299,2033051395823430535,skewed_90_1,4,173507209024,guided,16,89681587.223919,1.115056,1000000,1,1,cyclic,1,1,50000000,50000000,32768,4,guided,16,305343333.758414,0.327500,6.389247,15651297.024836,false
12347604091913951299,2033051395823430535,skewed_90_1,4,173507209024,guided,4,78379265.935441,1.275848,1000000,4,1,block,4,4,50000000,50000000,32768,4,guided,4,286329986.367416,0.349247,3.686899,27123061.386939,false
12347604091913951299,2033051395823430535,skewed_90_1,4,173507209024,guided,4,173042532.639334,0.577893,1000000,4,1,cyclic,4,4,50000000,50000000,32768,4,guided,4,672017014.705390,0.148806,2.131178,46922412.711456,false
12347604091913951299,2033051395823430535,skewed_90_1,4,173507209024,guided,16,84476132.586723,1.183766,1000000,4,1,block,4,4,50000000,50000000,32768,4,guided,4,285668542.216755,0.350056,3.600707,27772322.408637,false
12347604091913951299,2033051395823430535,skewed_90_1,4,173507209024,guided,16,51652476.991014,1.936016,1000000,4,1,cyclic,4,4,50000000,50000000,32768,4,guided,4,613219260.984724,0.163074,3.495323,28609657.249257,false
12347604091913951299,2033051395823430535,skewed_90_1,4,173507209024,guided,4,77677659.111535,1.287371,1000000,4,1,block,4,4,50000000,50000000,32768,4,guided,16,285790449.729504,0.349907,3.705050,26990186.413647,false
12347604091913951299,2033051395823430535,skewed_90_1,4,173507209024,guided,4,168131138.896297,0.594774,1000000,4,1,cyclic,4,4,50000000,50000000,32768,4,guided,16,596682921.164880,0.167593,2.162036,46252699.287162,false
12347604091913951299,2033051395823430535,skewed_90_1,4,173507209024,guided,16,92769955.948800,1.077935,1000000,4,1,block,4,4,50000000,50000000,32768,4,guided,16,313544234.062327,0.318934,3.423395,29210767.694321,false
12347604091913951299,2033051395823430535,skewed_90_1,4,173507209024,guided,16,52485735.131318,1.905280,1000000,4,1,cyclic,4,4,50000000,50000000,32768,4,guided,16,377830367.395440,0.264669,3.522180,28391507.844989,false
12347604091913951299,2033051395823430535,skewed_90_1,4,173507209024,guided,4,78763307.120803,1.269627,1000000,8,1,block,8,8,50000000,50000000,32768,4,guided,4,259590554.244595,0.385222,2.884266,34670864.297398,false
12347604091913951299,2033051395823430535,skewed_90_1,4,173507209024,guided,4,164768080.550784,0.606914,1000000,8,1,cyclic,8,8,50000000,50000000,32768,4,guided,4,636946885.646214,0.156999,1.537842,65026168.013133,false
12347604091913951299,2033051395823430535,skewed_90_1,4,173507209024,guided,16,92752419.423064,1.078139,1000000,8,1,block,8,8,50000000,50000000,32768,4,guided,4,262604529.871776,0.380801,2.685756,37233464.481939,false
12347604091913951299,2033051395823430535,skewed_90_1,4,173507209024,guided,16,48459318.875738,2.063587,1000000,8,1,cyclic,8,8,50000000,50000000,32768,4,guided,4,549386361.844172,0.182021,3.021252,33098858.974092,false
12347604091913951299,2033051395823430535,skewed_90_1,4,173507209024,guided,4,77515361.557255,1.290067,1000000,8,1,block,8,8,50000000,50000000,32768,4,guided,16,275945097.632702,0.362391,2.883600,34678873.581871,false
12347604091913951299,2033051395823430535,skewed_90_1,4,173507209024,guided,4,165520263.028507,0.604156,1000000,8,1,cyclic,8,8,50000000,50000000,32768,4,guided,16,418210740.651233,0.239114,1.617164,61836649.896205,false
12347604091913951299,2033051395823430535,skewed_90_1,4,173507209024,guided,16,87023531.494462,1.149114,1000000,8,1,block,8,8,50000000,50000000,32768,4,guided,16,284271709.898499,0.351776,2.743487,36449961.540865,false
12347604091913951299,2033051395823430535,skewed_90_1,4,173507209024,guided,16,47863628.870979,2.089269,1000000,8,1,cyclic,8,8,50000000,50000000,32768,4,guided,16,364674679.248219,0.274217,3.113136,32121945.950462,false
12347604091913951299,2033051395823430535,skewed_90_1,4,173507209024,guided,4,83170463.141591,1.202350,1000000,4,4,block,4,4,50000000,50000000,32768,4,guided,4,288301579.812860,0.346859,3.819966,26178246.103732,false
12347604091913951299,2033051395823430535,skewed_90_1,4,173507209024,guided,4,183019181.449422,0.546391,1000000,4,4,cyclic,4,4,50000000,50000000,32768,4,guided,4,768955951.604684,0.130046,2.083704,47991450.755072,false
12347604091913951299,2033051395823430535,skewed_90_1,4,173507209024,guided,16,94839742.129754,1.054410,1000000,4,4,block,4,4,50000000,50000000,32768,4,guided,4,288611392.406138,0.346487,3.674223,27216639.431097,false
12347604091913951299,2033051395823430535,skewed_90_1,4,173507209024,guided,16,177881239.798361,0.562173,1000000,4,4,cyclic,4,4,50000000,50000000,32768,4,guided,4,763605193.502123,0.130958,2.093138,47775159.530292,false
12347604091913951299,2033051395823430535,skewed_90_1,4,173507209024,guided,4,80906288.256250,1.235998,1000000,4,4,block,4,4,50000000,50000000,32768,4,guided,16,332540218.177032,0.300716,3.810681,26242029.012503,false
12347604091913951299,2033051395823430535,skewed_90_1,4,173507209024,guided,4,181233149.070887,0.551775,1000000,4,4,cyclic,4,4,50000000,50000000,32768,4,guided,16,915041243.342710,0.109285,2.060436,48533417.306028,false
12347604091913951299,2033051395823430535,skewed_90_1,4,173507209024,guided,16,93386336.507886,1.070820,1000000,4,4,block,4,4,50000000,50000000,32768,4,guided,16,330982956.986740,0.302130,3.652130,27381280.851964,false
12347604091913951299,2033051395823430535,skewed_90_1,4,173507209024,guided,16,175408888.543055,0.570097,1000000,4,4,cyclic,4,4,50000000,50000000,32768,4,guided,16,902664330.630652,0.110783,2.084479,47973617.480783,false
12347604091913951299,2033051395823430535,skewed_90_1,4,173507209024,guided,4,79003854.137180,1.265761,1000000,8,4,block,8,8,50000000,50000000,32768,4,guided,4,303488749.510782,0.329502,3.060854,32670620.970844,false
12347604091913951299,2033051395823430535,skewed_90_1,4,173507209024,guided,4,177195434.234551,0.564349,1000000,8,4,cyclic,8,8,50000000,50000000,32768,4,guided,4,835797731.905960,0.119646,1.656452,60369979.603264,false
12347604091913951299,2033051395823430535,skewed_90_1,4,173507209024,guided,16,51979822.657427,1.923823,1000000,8,4,block,8,8,50000000,50000000,32768,4,guided,4,303772211.073748,0.329194,3.718353,26893630.953606,false
12347604091913951299,2033051395823430535,skewed_90_1,4,173507209024,guided,16,74258828.726518,1.346641,1000000,8,4,cyclic,8,8,50000000,50000000,32768,4,guided,4,832843169.755975,0.120071,2.436238,41046884.597518,false
12347604091913951299,2033051395823430535,skewed_90_1,4,173507209024,guided,4,78304632.258009,1.277064,1000000,8,4,block,8,8,50000000,50000000,32768,4,guided,16,355157502.396600,0.281565,3.023298,33076462.806871,false
12347604091913951299,2033051395823430535,skewed_90_1,4,173507209024,guided,4,175219095.298680,0.570714,1000000,8,4,cyclic,8,8,50000000,50000000,32768,4,guided,16,992722302.240538,0.100733,1.637969,61051227.504787,false
12347604091913951299,2033051395823430535,skewed_90_1,4,173507209024,guided,16,51166473.725539,1.954405,1000000,8,4,block,8,8,50000000,50000000,32768,4,guided,16,353719148.224497,0.282710,3.705545,26986580.548890,false
12347604091913951299,2033051395823430535,skewed_90_1,4,173507209024,guided,16,74179577.299850,1.348080,1000000,8,4,cyclic,8,8,50000000,50000000,32768,4,guided,16,966434016.288239,0.103473,2.423674,41259675.908613,false
12347604091913951299,2033051395823430535,skewed_90_1,4,173507209024,guided,4,82849188.489665,1.207012,1000000,8,8,block,8,8,50000000,50000000,32768,4,guided,4,294526601.587372,0.339528,3.103966,32216852.438558,false
12347604091913951299,2033051395823430535,skewed_90_1,4,173507209024,guided,4,183594653.622790,0.544678,1000000,8,8,cyclic,8,8,50000000,50000000,32768,4,guided,4,806103790.052233,0.124054,1.521056,65743812.403032,false
12347604091913951299,2033051395823430535,skewed_90_1,4,173507209024,guided,16,94893382.295198,1.053814,1000000,8,8,block,8,8,50000000,50000000,32768,4,guided,4,292268451.832464,0.342151,2.955324,33837233.829849,false
12347604091913951299,2033051395823430535,skewed_90_1,4,173507209024,guided,16,181303993.162419,0.551560,1000000,8,8,cyclic,8,8,50000000,50000000,32768,4,guided,4,800034452.968375,0.124995,1.536638,65077138.017571,false
12347604091913951299,2033051395823430535,skewed_90_1,4,173507209024,guided,4,80294030.446077,1.245423,1000000,8,8,block,8,8,50000000,50000000,32768,4,guided,16,335808219.086572,0.297789,3.096202,32297637.154071,false
12347604091913951299,2033051395823430535,skewed_90_1,4,173507209024,guided,4,181570071.453537,0.550752,1000000,8,8,cyclic,8,8,50000000,50000000,32768,4,guided,16,953623892.526715,0.104863,1.511346,66166184.934556,false
12347604091913951299,2033051395823430535,skewed_90_1,4,173507209024,guided,16,92106487.277725,1.085700,1000000,8,8,block,8,8,50000000,50000000,32768,4,guided,16,334104663.007102,0.299307,2.936680,34052053.643918,false
12347604091913951299,2033051395823430535,skewed_90_1,4,173507209024,guided,16,174326718.218131,0.573636,1000000,8,8,cyclic,8,8,50000000,50000000,32768,4,guided,16,945899863.084632,0.105719,1.536352,65089241.493966,false
12347604091913951299,2033051395823430535,skewed_90_1,4,173507209024,guided,4,81040430.868991,1.233952,1000000,1,1,block,1,1,50000000,50000000,32768,4,guided,4,251624753.463278,0.397417,8.151252,12268054.112562,false
12347604091913951299,2033051395823430535,skewed_90_1,4,173507209024,guided,4,81255346.983080,1.230688,1000000,1,1,cyclic,1,1,50000000,50000000,32768,4,guided,4,252351962.642704,0.396272,6.569380,15222136.276902,false
12347604091913951299,2033051395823430535,skewed_90_1,4,173507209024,guided,16,89704761.707534,1.114768,1000000,1,1,block,1,1,50000000,50000000,32768,4,guided,4,253258203.448880,0.394854,8.091765,12358243.764631,false
12347604091913951299,2033051395823430535,skewed_90_1,4,173507209024,guided,16,96548507.585820,1.035749,1000000,1,1,cyclic,1,1,50000000,50000000,32768,4,guided,4,251595681.520027,0.397463,6.381191,15671054.747388,false
12347604091913951299,2033051395823430535,skewed_90_1,4,173507209024,guided,4,80986570.459123,1.234773,1000000,1,1,block,1,1,50000000,50000000,32768,4,guided,16,305365373.169196,0.327477,8.139274,12286107.688954,false
12347604091913951299,2033051395823430535,skewed_90_1,4,173507209024,guided,4,80818606.750102,1.237339,1000000,1,1,cyclic,1,1,50000000,50000000,32768,4,guided,16,305311695.659277,0.327534,6.524953,15325781.896345,false
12347604091913951299,2033051395823430535,skewed_90_1,4,173507209024,guided,16,90218240.017087,1.108423,1000000,1,1,block,1,1,50000000,50000000,32768,4,guided,16,304196494.770715,0.328735,8.040827,12436532.362368,false
12347604091913951299,2033051395823430535,skewed_90_1,4,173507209024,guided,16,93120734.307232,1.073875,1000000,1,1,cyclic,1,1,50000000,50000000,32768,4,guided,16,304934035.258441,0.327940,6.367930,15703689.322040,false
12347604091913951299,2033051395823430535,skewed_90_1,4,173507209024,guided,4,78548739.541036,1.273095,1000000,4,1,block,4,4,50000000,50000000,32768,4,guided,4,288937069.562562,0.346096,3.687852,27116058.051590,false
12347604091913951299,2033051395823430535,skewed_90_1,4,173507209024,guided,4,172517052.848059,0.579653,1000000,4,1,cyclic,4,4,50000000,50000000,32768,4,guided,4,642417591.090931,0.155662,2.138467,46762476.713133,false
12347604091913951299,2033051395823430535,skewed_90_1,4,173507209024,guided,16,92524354.387843,1.080797,1000000,4,1,block,4,4,50000000,50000000,32768,4,guided,4,258067925.485326,0.387495,3.547854,28186052.080405,false
12347604091913951299,2033051395823430535,skewed_90_1,4,173507209024,guided,16,53079732.203037,1.883958,1000000,4,1,cyclic,4,4,50000000,50000000,32768,4,guided,4,616800426.207026,0.162127,3.453389,28957062.208630,false
12347604091913951299,2033051395823430535,skewed_90_1,4,173507209024,guided,4,78823913.443629,1.268651,1000000,4,1,block,4,4,50000000,50000000,32768,4,guided,16,305934338.819445,0.326868,3.699808,27028428.265982,false
12347604091913951299,2033051395823430535,skewed_90_1,4,173507209024,guided,4,164843306.550858,0.606637,1000000,4,1,cyclic,4,4,50000000,50000000,32768,4,guided,16,617197117.067702,0.162023,2.157704,46345552.160680,false
12347604091913951299,2033051395823430535,skewed_90_1,4,173507209024,guided,16,93169536.590225,1.073312,1000000,4,1,block,4,4,50000000,50000000,32768,4,guided,16,302461432.556815,0.330621,3.481977,28719319.215223,false
12347604091913951299,2033051395823430535,skewed_90_1,4,173507209024,guided,16,52910875.638311,1.889971,1000000,4,1,cyclic,4,4,50000000,50000000,32768,4,guided,16,507200140.002003,0.197161,3.508124,28505261.924790,false
12347604091913951299,2033051395823430535,skewed_90_1,4,173507209024,guided,4,77961882.052718,1.282678,1000000,8,1,block,8,8,50000000,50000000,32768,4,guided,4,275396581.021401,0.363113,2.879047,34733719.538445,false
12347604091913951299,2033051395823430535,skewed_90_1,4,173507209024,guided,4,114119267.919561,0.876276,1000000,8,1,cyclic,8,8,50000000,50000000,32768,4,guided,4,566655145.074743,0.176474,1.838335,54397034.843712,false
12347604091913951299,2033051395823430535,skewed_90_1,4,173507209024,guided,16,92512274.583285,1.080938,1000000,8,1,block,8,8,50000000,50000000,32768,4,guided,4,259555504.158407,0.385274,2.701523,37016156.896577,false
12347604091913951299,2033051395823430535,skewed_90_1,4,173507209024,guided,16,53453529.530649,1.870784,1000000,8,1,cyclic,8,8,50000000,50000000,32768,4,guided,4,487866063.631904,0.204974,2.863201,34925939.913202,false
12347604091913951299,2033051395823430535,skewed_90_1,4,173507209024,guided,4,77851939.421245,1.284490,1000000,8,1,block,8,8,50000000,50000000,32768,4,guided,16,270206067.724708,0.370088,2.893898,34555466.279034,false
12347604091913951299,2033051395823430535,skewed_90_1,4,173507209024,guided,4,108908691.487106,0.918200,1000000,8,1,cyclic,8,8,50000000,50000000,32768,4,guided,16,415508319.586659,0.240669,1.931715,51767471.362214,false
12347604091913951299,2033051395823430535,skewed_90_1,4,173507209024,guided,16,93299295.174177,1.071819,1000000,8,1,block,8,8,50000000,50000000,32768,4,guided,16,268196257.122198,0.372861,2.677039,37354699.046586,false
12347604091913951299,2033051395823430535,skewed_90_1,4,173507209024,guided,16,47931979.862299,2.086290,1000000,8,1,cyclic,8,8,50000000,50000000,32768,4,guided,16,426912542.597151,0.234240,3.088882,32374171.132597,false
12347604091913951299,2033051395823430535,skewed_90_1,4,173507209024,guided,4,81084904.176555,1.233275,1000000,4,4,block,4,4,50000000,50000000,32768,4,guided,4,277675123.502043,0.360133,3.869051,25846132.466881,false
12347604091913951299,2033051395823430535,skewed_90_1,4,173507209024,guided,4,181401350.233030,0.551264,1000000,4,4,cyclic,4,4,50000000,50000000,32768,4,guided,4,739130926.577592,0.135294,2.087617,47901516.868500,false
12347604091913951299,2033051395823430535,skewed_90_1,4,173507209024,guided,16,92497769.147876,1.081107,1000000,4,4,block,4,4,50000000,50000000,32768,4,guided,4,287909193.336194,0.347332,3.703028,27004929.271732,false
12347604091913951299,2033051395823430535,skewed_90_1,4,173507209024,guided,16,183270430.858162,0.545642,1000000,4,4,cyclic,4,4,50000000,50000000,32768,4,guided,4,751947089.637622,0.132988,2.116486,47248123.039884,false
12347604091913951299,2033051395823430535,skewed_90_1,4,173507209024,guided,4,80610622.286911,1.240531,1000000,4,4,block,4,4,50000000,50000000,32768,4,guided,16,331495070.421605,0.301664,3.823076,26156947.949725,false
12347604091913951299,2033051395823430535,skewed_90_1,4,173507209024,guided,4,179229550.135695,0.557944,1000000,4,4,cyclic,4,4,50000000,50000000,32768,4,guided,16,898679791.461514,0.111274,2.079874,48079827.132650,false
12347604091913951299,2033051395823430535,skewed_90_1,4,173507209024,guided,16,94103093.071761,1.062664,1000000,4,4,block,4,4,50000000,50000000,32768,4,guided,16,327152223.432712,0.305668,3.667684,27265159.992568,false
12347604091913951299,2033051395823430535,skewed_90_1,4,173507209024,guided,16,182441152.743938,0.548122,1000000,4,4,cyclic,4,4,50000000,50000000,32768,4,guided,16,915741849.762986,0.109201,2.064270,48443285.204333,false
12347604091913951299,2033051395823430535,skewed_90_1,4,173507209024,guided,4,79504726.335962,1.257787,1000000,8,4,block,8,8,50000000,50000000,32768,4,guided,4,304085100.863566,0.328855,3.065125,32625092.695165,false
12347604091913951299,2033051395823430535,skewed_90_1,4,173507209024,guided,4,177344256.384676,0.563875,1000000,8,4,cyclic,8,8,50000000,50000000,32768,4,guided,4,832271395.261938,0.120153,1.657486,60332348.358035,false
12347604091913951299,2033051395823430535,skewed_90_1,4,173507209024,guided,16,52549459.923395,1.902969,1000000,8,4,block,8,8,50000000,50000000,32768,4,guided,4,300926640.827089,0.332307,3.704383,26995048.887057,false
12347604091913951299,2033051395823430535,skewed_90_1,4,173507209024,guided,16,74462517.309035,1.342958,1000000,8,4,cyclic,8,8,50000000,50000000,32768,4,guided,4,832539173.951094,0.120114,2.427324,41197626.370026,false
12347604091913951299,2033051395823430535,skewed_90_1,4,173507209024,guided,4,78858133.232819,1.268100,1000000,8,4,block,8,8,50000000,50000000,32768,4,guided,16,354581166.758486,0.282023,3.017236,33142918.953962,false
12347604091913951299,2033051395823430535,skewed_90_1,4,173507209024,guided,4,175979756.871892,0.568247,1000000,8,4,cyclic,8,8,50000000,50000000,32768,4,guided,16,972237224.393209,0.102856,1.636735,61097251.559938,false
12347604091913951299,2033051395823430535,skewed_90_1,4,173507209024,guided,16,51510695.200429,1.941344,1000000,8,4,block,8,8,50000000,50000000,32768,4,guided,16,355906826.141717,0.280972,3.690306,27098026.335788,false
12347604091913951299,2033051395823430535,skewed_90_1,4,173507209024,guided,16,72662141.753965,1.376232,1000000,8,4,cyclic,8,8,50000000,50000000,32768,4,guided,16,986177505.918396,0.101402,2.438547,41008026.872048,false
12347604091913951299,2033051395823430535,skewed_90_1,4,173507209024,guided,4,80560859.045149,1.241298,1000000,8,8,block,8,8,50000000,50000000,32768,4,guided,4,292471172.759416,0.341914,3.134281,31905240.165460,false
12347604091913951299,2033051395823430535,skewed_90_1,4,173507209024,guided,4,182318874.806986,0.548490,1000000,8,8,cyclic,8,8,50000000,50000000,32768,4,guided,4,807918359.978627,0.123775,1.530797,65325458.407944,false
12347604091913951299,2033051395823430535,skewed_90_1,4,173507209024,guided,16,94939062.813428,1.053307,1000000,8,8,block,8,8,50000000,50000000,32768,4,guided,4,290603627.750371,0.344111,2.946588,33937553.679821,false
12347604091913951299,2033051395823430535,skewed_90_1,4,173507209024,guided,16,163697130.691491,0.610884,1000000,8,8,cyclic,8,8,50000000,50000000,32768,4,guided,4,799819819.986246,0.125028,1.588579,62949351.959290,false
12347604091913951299,2033051395823430535,skewed_90_1,4,173507209024,guided,4,80532761.254242,1.241731,1000000,8,8,block,8,8,50000000,50000000,32768,4,guided,16,334885165.528690,0.298610,3.087853,32384957.232886,false
12347604091913951299,2033051395823430535,skewed_90_1,4,173507209024,guided,4,177828551.295754,0.562339,1000000,8,8,cyclic,8,8,50000000,50000000,32768,4,guided,16,949398495.437512,0.105330,1.522106,65698442.607278,false
12347604091913951299,2033051395823430535,skewed_90_1,4,173507209024,guided,16,94794099.204036,1.054918,1000000,8,8,block,8,8,50000000,50000000,32768,4,guided,16,338067448.368309,0.295799,2.898066,34505767.172179,false
12347604091913951299,2033051395823430535,skewed_90_1,4,173507209024,guided,16,180617337.687404,0.553657,1000000,8,8,cyclic,8,8,50000000,50000000,32768,4,guided,16,934182245.740584,0.107045,1.522830,65667195.875009,false
